[{"model": "Clinica.usuario", "pk": 1, "fields": {"password": "pbkdf2_sha256$216000$kXnbZdY9e24K$/2RjeVgcp+2wRKFN8jmstzFlqV93pSa1YbVdVTMbemw=", "last_login": "2021-06-24T22:08:13.140Z", "is_superuser": true, "first_name": "", "last_name": "", "is_staff": true, "is_active": true, "username": "Admin", "TipoEmpleado": "A", "Nombres": "Alfredo", "ApellidoPaterno": "Golondrinas", "ApellidoMaterno": "Riamudo", "Genero": "H", "Nacimiento": "2021-06-24", "email": "alfredo@gmail.com", "Telefono": "6642587458", "date_joined": "2021-06-09T03:37:32.376Z", "groups": [], "user_permissions": []}}, {"model": "Clinica.usuario", "pk": 2, "fields": {"password": "pbkdf2_sha256$216000$r3B0KCPn0K9o$ess8Mef0Z8Z/6MCCSPFan6p65vyKihMkDnAbE/APt/U=", "last_login": "2021-06-25T04:58:04.829Z", "is_superuser": false, "first_name": "", "last_name": "", "is_staff": false, "is_active": true, "username": "Recepcionista", "TipoEmpleado": "R", "Nombres": "Maria", "ApellidoPaterno": "Vergara", "ApellidoMaterno": "Santa Ana", "Genero": "M", "Nacimiento": "1983-04-25", "email": "maria@gmail.com", "Telefono": "6645654499", "date_joined": "2021-06-09T04:06:57.682Z", "groups": [], "user_permissions": []}}, {"model": "Clinica.usuario", "pk": 4, "fields": {"password": "pbkdf2_sha256$216000$tzD4HiCf0moT$FNH0iFLDiTatKGjGPMIejinOx/xKTsvQ0d1JA0wvXyY=", "last_login": "2021-06-25T05:02:18.103Z", "is_superuser": false, "first_name": "", "last_name": "", "is_staff": false, "is_active": true, "username": "Doctor", "TipoEmpleado": "D", "Nombres": "Mario", "ApellidoPaterno": "Vega", "ApellidoMaterno": "Santino", "Genero": "H", "Nacimiento": "1991-02-06", "email": "cinthia.vargas18@tectijuana.edu.mx", "Telefono": "6648956985", "date_joined": "2021-06-09T04:10:00.147Z", "groups": [], "user_permissions": []}}, {"model": "Clinica.usuario", "pk": 37, "fields": {"password": "pbkdf2_sha256$216000$jxDY2kjblj4j$qsddKpFaOeneTAjC5xsMjxok2xODePGdTvvG2XCqEqQ=", "last_login": "2021-06-11T04:33:25.806Z", "is_superuser": false, "first_name": "", "last_name": "", "is_staff": false, "is_active": true, "username": "recepcionista1", "TipoEmpleado": "R", "Nombres": "Ana", "ApellidoPaterno": "Mora", "ApellidoMaterno": "Perez", "Genero": "M", "Nacimiento": "1985-01-15", "email": "ana22@gmailo.com", "Telefono": "6645565635", "date_joined": "2021-06-09T19:24:56.315Z", "groups": [], "user_permissions": []}}, {"model": "Clinica.usuario", "pk": 39, "fields": {"password": "pbkdf2_sha256$216000$NQ1r4f86VaiI$JDiYAuyHm/c+6inNcsJDqr8DK7gEh1NNctplKKHbHZM=", "last_login": null, "is_superuser": false, "first_name": "", "last_name": "", "is_staff": false, "is_active": true, "username": "Administrador34", "TipoEmpleado": "D", "Nombres": "Jesus", "ApellidoPaterno": "Ramirez", "ApellidoMaterno": "Garcia", "Genero": "H", "Nacimiento": "1998-12-13", "email": "jesus.ramirezg17@tectijuana.edu.mx", "Telefono": "6647658799", "date_joined": "2021-06-10T19:28:16.477Z", "groups": [], "user_permissions": []}}, {"model": "Clinica.usuario", "pk": 40, "fields": {"password": "pbkdf2_sha256$216000$8g7HionvWj9C$uK90LxvP7iZnl/cLcsyg5zQO0pbSY042slTG0pUvcLE=", "last_login": "2021-06-25T04:57:29.249Z", "is_superuser": true, "first_name": "", "last_name": "", "is_staff": true, "is_active": true, "username": "edy", "TipoEmpleado": "A", "Nombres": "Edy", "ApellidoPaterno": "Cota", "ApellidoMaterno": "Villa", "Genero": "H", "Nacimiento": "2021-06-24", "email": "edycotavillalp99@gmail.com", "Telefono": "6643698521", "date_joined": "2021-06-24T05:21:35.530Z", "groups": [], "user_permissions": []}}, {"model": "Clinica.usuario", "pk": 41, "fields": {"password": "pbkdf2_sha256$216000$oLBsssE5IETl$CaOHrBBl9Y9w1AJRuyH2Uzy7e030q40soVYdQv3WILk=", "last_login": null, "is_superuser": false, "first_name": "", "last_name": "", "is_staff": false, "is_active": true, "username": "paola", "TipoEmpleado": "R", "Nombres": "Ana", "ApellidoPaterno": "Raiz", "ApellidoMaterno": "del Monte", "Genero": "H", "Nacimiento": "1994-04-04", "email": "mepo@gmail.com", "Telefono": "6642589587", "date_joined": "2021-06-24T20:57:34.695Z", "groups": [], "user_permissions": []}}, {"model": "Clinica.usuario", "pk": 42, "fields": {"password": "pbkdf2_sha256$216000$dxV8aZf4zyq9$CFEFjyZEawf5hdeNTkimK+vyWk02w8uLqtbSiYEneGU=", "last_login": null, "is_superuser": false, "first_name": "", "last_name": "", "is_staff": false, "is_active": true, "username": "DocLuis", "TipoEmpleado": "D", "Nombres": "Luis Enrique", "ApellidoPaterno": "Viviero", "ApellidoMaterno": "JImenez", "Genero": "H", "Nacimiento": "1990-05-06", "email": "luisvj@gmail.com", "Telefono": "6641234569", "date_joined": "2021-06-25T00:08:28.957Z", "groups": [], "user_permissions": []}}, {"model": "Clinica.usuario", "pk": 45, "fields": {"password": "pbkdf2_sha256$216000$R6VlurcUzGI8$CUzYzHAXccj7JNiIhE+Jf1etbhOiCSpiy6juk1NYY5U=", "last_login": null, "is_superuser": false, "first_name": "", "last_name": "", "is_staff": false, "is_active": true, "username": "mepo2", "TipoEmpleado": "R", "Nombres": "Manuelo", "ApellidoPaterno": "Raiz", "ApellidoMaterno": "del Monte", "Genero": "H", "Nacimiento": "1994-04-04", "email": "mepo@gmail.com", "Telefono": "6642589632", "date_joined": "2021-06-25T05:29:22.603Z", "groups": [], "user_permissions": []}}, {"model": "Clinica.expedientepaciente", "pk": 1, "fields": {"Nombres": "Ricardo Martines", "ApellidoPaterno": "Placencia", "ApellidoMaterno": "Ortega", "Genero": "H", "Nacimiento": "1995-12-25", "Direccion": "Calle Hernandez al Borde de Vias Ordaz", "Correo": "ricardo@gmail.com", "Telefono": "6648523698", "Alergias": "Ninguna", "Padecimientos": "Ser muy guapo", "FechaCreacion": "2021-06-09T04:19:40.713Z"}}, {"model": "Clinica.expedientepaciente", "pk": 2, "fields": {"Nombres": "Calimero", "ApellidoPaterno": "Maudino", "ApellidoMaterno": "Cabali", "Genero": "M", "Nacimiento": "1996-05-20", "Direccion": "Calle Chilaquiles Sobados Don de Cruza el Mil y el Milenar", "Correo": "calimero@gmail.com", "Telefono": "6648521872", "Alergias": "A los perros", "Padecimientos": "Demasiado encantadora", "FechaCreacion": "2021-06-09T04:22:16.550Z"}}, {"model": "Clinica.expedientepaciente", "pk": 3, "fields": {"Nombres": "Bobby", "ApellidoPaterno": "Larius", "ApellidoMaterno": "de Adame", "Genero": "H", "Nacimiento": "1985-06-03", "Direccion": "Cerros caidos 123", "Correo": "bobbyxniurka@gmail.com", "Telefono": "723660249", "Alergias": "ninguna", "Padecimientos": "Dolor de muelas", "FechaCreacion": "2021-06-24T22:38:25.437Z"}}, {"model": "Clinica.expedientepaciente", "pk": 4, "fields": {"Nombres": "cinthia", "ApellidoPaterno": "vargas", "ApellidoMaterno": "garcia", "Genero": "M", "Nacimiento": "1994-02-02", "Direccion": "7979 ARLY CT", "Correo": "filosofia_a@hotmail.com", "Telefono": "6192106273", "Alergias": "no", "Padecimientos": "no", "FechaCreacion": "2021-06-25T04:48:55.003Z"}}, {"model": "Clinica.nota", "pk": 14, "fields": {"Expedientepaciente": 1, "Nota": "Hola", "FechaCreacion": "2021-06-24T06:06:38.890Z"}}, {"model": "Clinica.nota", "pk": 15, "fields": {"Expedientepaciente": 1, "Nota": "gasdas", "FechaCreacion": "2021-06-24T06:11:52.208Z"}}, {"model": "Clinica.nota", "pk": 16, "fields": {"Expedientepaciente": 1, "Nota": "gasdas", "FechaCreacion": "2021-06-24T06:12:24.550Z"}}, {"model": "Clinica.nota", "pk": 17, "fields": {"Expedientepaciente": 1, "Nota": "gasdas", "FechaCreacion": "2021-06-24T06:17:05.904Z"}}, {"model": "Clinica.nota", "pk": 18, "fields": {"Expedientepaciente": 1, "Nota": "dasda", "FechaCreacion": "2021-06-24T06:27:12.410Z"}}, {"model": "Clinica.nota", "pk": 19, "fields": {"Expedientepaciente": 1, "Nota": "dasda", "FechaCreacion": "2021-06-24T06:28:18.155Z"}}, {"model": "Clinica.nota", "pk": 20, "fields": {"Expedientepaciente": 1, "Nota": "asfasfag", "FechaCreacion": "2021-06-24T06:36:01.023Z"}}, {"model": "Clinica.nota", "pk": 21, "fields": {"Expedientepaciente": 1, "Nota": "dasda", "FechaCreacion": "2021-06-24T06:39:45.458Z"}}, {"model": "Clinica.nota", "pk": 22, "fields": {"Expedientepaciente": 1, "Nota": "dasdagfdfg", "FechaCreacion": "2021-06-24T06:40:46.300Z"}}, {"model": "Clinica.nota", "pk": 23, "fields": {"Expedientepaciente": 1, "Nota": "fasf", "FechaCreacion": "2021-06-24T06:43:46.817Z"}}, {"model": "Clinica.nota", "pk": 24, "fields": {"Expedientepaciente": 1, "Nota": "asdafgasd", "FechaCreacion": "2021-06-24T06:45:48.983Z"}}, {"model": "Clinica.nota", "pk": 25, "fields": {"Expedientepaciente": 1, "Nota": "asdafgasdfasa", "FechaCreacion": "2021-06-24T06:46:16.549Z"}}, {"model": "Clinica.nota", "pk": 26, "fields": {"Expedientepaciente": 1, "Nota": "asdafgasdfasa", "FechaCreacion": "2021-06-24T06:46:36.417Z"}}, {"model": "Clinica.nota", "pk": 27, "fields": {"Expedientepaciente": 1, "Nota": "fasda", "FechaCreacion": "2021-06-24T06:49:31.615Z"}}, {"model": "Clinica.nota", "pk": 28, "fields": {"Expedientepaciente": 1, "Nota": "dasda", "FechaCreacion": "2021-06-24T06:51:02.345Z"}}, {"model": "Clinica.nota", "pk": 29, "fields": {"Expedientepaciente": 1, "Nota": "gasdad", "FechaCreacion": "2021-06-24T07:24:07.096Z"}}, {"model": "Clinica.nota", "pk": 30, "fields": {"Expedientepaciente": 4, "Nota": "Hola ya me canse", "FechaCreacion": "2021-06-25T05:03:37.587Z"}}, {"model": "Clinica.tratamiento", "pk": 1, "fields": {"Tratamiento": "Limpieza", "Descripcion": "Taladrar, tallar y quitar de cualquier medio caries en los dientes."}}, {"model": "Clinica.tratamiento", "pk": 2, "fields": {"Tratamiento": "Ortodoncia", "Descripcion": "Ytiliza diferentes dispositivos con la finalidad de corregir anomalías de los dientes y los huesos maxilares, obteniendo mejoras en mayor o menor grado, dependiendo del problema y las características."}}, {"model": "Clinica.tratamiento", "pk": 4, "fields": {"Tratamiento": "Limpieza profunda", "Descripcion": "Limpieza de sarro en los dientes y limpieza de esmalte dental con quimicos."}}, {"model": "Clinica.tratamiento", "pk": 5, "fields": {"Tratamiento": "Endodoncia", "Descripcion": "Tratamiento dental conocido comúnmente para “matar el nervio”. Consiste en eliminar la parte profunda del diente cuando se encuentra lesionado o infectado."}}, {"model": "Clinica.tratamiento", "pk": 6, "fields": {"Tratamiento": "Blanqueamiento Dental", "Descripcion": "Se utiliza un gel que se aplica directamente a la superficie del diente. Este producto contiene peróxido de hidrógeno o peróxido de carbamida."}}, {"model": "Clinica.tratamiento", "pk": 7, "fields": {"Tratamiento": "Implante Dental", "Descripcion": "Es un componente de titanio en forma de tornillo que sustituye a la raíz de un diente natural. Sobre el implante dental se coloca la corona o prótesis que físicamente será igual al diente natural."}}, {"model": "Clinica.tratamiento", "pk": 8, "fields": {"Tratamiento": "Extraccion de muelas del juicio", "Descripcion": "Cirujia para extraer las muelas del juicio del paciente"}}, {"model": "Clinica.tratamiento", "pk": 9, "fields": {"Tratamiento": "Tratamiento de Caries", "Descripcion": "Limpiar caries y rellenar de resina dental."}}, {"model": "Clinica.tratamiento", "pk": 10, "fields": {"Tratamiento": "Limpieza", "Descripcion": "Hora de limpieza"}}, {"model": "Clinica.doctor", "pk": 1, "fields": {"Usuario": 4, "Especialidad": "Odontologia"}}, {"model": "Clinica.doctor", "pk": 35, "fields": {"Usuario": 39, "Especialidad": ""}}, {"model": "Clinica.doctor", "pk": 36, "fields": {"Usuario": 41, "Especialidad": ""}}, {"model": "Clinica.doctor", "pk": 37, "fields": {"Usuario": 42, "Especialidad": ""}}, {"model": "Clinica.hora", "pk": 2, "fields": {"Doctor": 1, "Dia": "Lunes", "Hora": "08:00:00"}}, {"model": "Clinica.hora", "pk": 3, "fields": {"Doctor": 1, "Dia": "Lunes", "Hora": "09:00:00"}}, {"model": "Clinica.hora", "pk": 4, "fields": {"Doctor": 1, "Dia": "Lunes", "Hora": "10:00:00"}}, {"model": "Clinica.hora", "pk": 7, "fields": {"Doctor": 1, "Dia": "Lunes", "Hora": "16:00:00"}}, {"model": "Clinica.hora", "pk": 8, "fields": {"Doctor": 1, "Dia": "Lunes", "Hora": "14:00:00"}}, {"model": "Clinica.hora", "pk": 9, "fields": {"Doctor": 1, "Dia": "Domingo", "Hora": "02:00:00"}}, {"model": "Clinica.doctor_tratamiento", "pk": 1, "fields": {"Doctor": 1, "Tratamiento": 1}}, {"model": "Clinica.doctor_tratamiento", "pk": 37, "fields": {"Doctor": 1, "Tratamiento": 2}}, {"model": "Clinica.doctor_tratamiento", "pk": 38, "fields": {"Doctor": 1, "Tratamiento": 9}}, {"model": "Clinica.doctor_tratamiento", "pk": 39, "fields": {"Doctor": 1, "Tratamiento": 5}}, {"model": "Clinica.doctor_tratamiento", "pk": 40, "fields": {"Doctor": 1, "Tratamiento": 6}}, {"model": "Clinica.cita", "pk": 36, "fields": {"ExpedientePaciente": 3, "Doctor": 35, "Fecha": "2021-06-29", "Tratamiento": 5, "HoraInicio": 3, "FechaCreacion": "2021-06-25T00:23:17.630Z"}}, {"model": "Clinica.cita", "pk": 37, "fields": {"ExpedientePaciente": 4, "Doctor": 1, "Fecha": "2021-07-07", "Tratamiento": 1, "HoraInicio": 3, "FechaCreacion": "2021-06-25T04:51:09.557Z"}}, {"model": "Clinica.cita", "pk": 39, "fields": {"ExpedientePaciente": 4, "Doctor": 1, "Fecha": "2021-06-22", "Tratamiento": 9, "HoraInicio": 3, "FechaCreacion": "2021-06-25T04:58:28.521Z"}}]